[{"line":1,"elements":[{"start_timestamp":"2024-12-13T10:58:21.829Z","line":4,"name":"validate the Employee Functionality with validate credentails","description":"","id":"employee-functionality;validate-the-employee-functionality-with-validate-credentails","type":"scenario","keyword":"Scenario","steps":[{"result":{"duration":2768262200,"status":"passed"},"line":5,"name":"user open the Broswer","match":{"location":"stepDefination.EmployeeSteps.user_open_the_broswer()"},"keyword":"Given "},{"result":{"duration":4288691300,"status":"passed"},"line":6,"name":"user open the Application","match":{"location":"stepDefination.EmployeeSteps.user_open_the_application()"},"keyword":"And "},{"result":{"error_message":"org.openqa.selenium.NoSuchElementException: no such element: Unable to locate element: {\"method\":\"xpath\",\"selector\":\"/html/body/nav/div/div[2]/div[1]/div[2]/div/div/div/ul/li[3]/a/span[2]\"}\n  (Session info: chrome=131.0.6778.140)\nFor documentation on this error, please visit: https://www.selenium.dev/documentation/webdriver/troubleshooting/errors#no-such-element-exception\nBuild info: version: '4.11.0', revision: '040bc5406b'\nSystem info: os.name: 'Windows 11', os.arch: 'amd64', os.version: '10.0', java.version: '22.0.1'\nDriver info: org.openqa.selenium.chrome.ChromeDriver\nCommand: [74edeb932bdea8a9d13d8a214ef37e98, findElement {using=xpath, value=/html/body/nav/div/div[2]/div[1]/div[2]/div/div/div/ul/li[3]/a/span[2]}]\nCapabilities {acceptInsecureCerts: false, browserName: chrome, browserVersion: 131.0.6778.140, chrome: {chromedriverVersion: 131.0.6778.108 (3b014839fbc..., userDataDir: C:\\Users\\durga\\AppData\\Loca...}, fedcm:accounts: true, goog:chromeOptions: {debuggerAddress: localhost:61431}, networkConnectionEnabled: false, pageLoadStrategy: normal, platformName: windows, proxy: Proxy(), se:cdp: ws://localhost:61431/devtoo..., se:cdpVersion: 131.0.6778.140, setWindowRect: true, strictFileInteractability: false, timeouts: {implicit: 0, pageLoad: 300000, script: 30000}, unhandledPromptBehavior: dismiss and notify, webauthn:extension:credBlob: true, webauthn:extension:largeBlob: true, webauthn:extension:minPinLength: true, webauthn:extension:prf: true, webauthn:virtualAuthenticators: true}\nSession ID: 74edeb932bdea8a9d13d8a214ef37e98\r\n\tat java.base/jdk.internal.reflect.DirectConstructorHandleAccessor.newInstance(DirectConstructorHandleAccessor.java:62)\r\n\tat java.base/java.lang.reflect.Constructor.newInstanceWithCaller(Constructor.java:502)\r\n\tat java.base/java.lang.reflect.Constructor.newInstance(Constructor.java:486)\r\n\tat org.openqa.selenium.remote.codec.w3c.W3CHttpResponseCodec.createException(W3CHttpResponseCodec.java:200)\r\n\tat org.openqa.selenium.remote.codec.w3c.W3CHttpResponseCodec.decode(W3CHttpResponseCodec.java:133)\r\n\tat org.openqa.selenium.remote.codec.w3c.W3CHttpResponseCodec.decode(W3CHttpResponseCodec.java:52)\r\n\tat org.openqa.selenium.remote.HttpCommandExecutor.execute(HttpCommandExecutor.java:191)\r\n\tat org.openqa.selenium.remote.service.DriverCommandExecutor.invokeExecute(DriverCommandExecutor.java:196)\r\n\tat org.openqa.selenium.remote.service.DriverCommandExecutor.execute(DriverCommandExecutor.java:171)\r\n\tat org.openqa.selenium.remote.RemoteWebDriver.execute(RemoteWebDriver.java:518)\r\n\tat org.openqa.selenium.remote.ElementLocation$ElementFinder$2.findElement(ElementLocation.java:165)\r\n\tat org.openqa.selenium.remote.ElementLocation.findElement(ElementLocation.java:59)\r\n\tat org.openqa.selenium.remote.RemoteWebDriver.findElement(RemoteWebDriver.java:355)\r\n\tat org.openqa.selenium.remote.RemoteWebDriver.findElement(RemoteWebDriver.java:349)\r\n\tat stepDefination.EmployeeSteps.user_enter_the_employee_details(EmployeeSteps.java:37)\r\n\tat ✽.user enter the Employee Details(file:///C:/Users/durga/eclipse-workspace/BddCucumberW3HRM/src/test/java/features/Employee.feature:7)\r\n","duration":10031255500,"status":"failed"},"line":7,"name":"user enter the Employee Details","match":{"location":"stepDefination.EmployeeSteps.user_enter_the_employee_details()"},"keyword":"When "},{"result":{"status":"skipped"},"line":8,"name":"user click the Create button","match":{"location":"stepDefination.EmployeeSteps.user_click_the_create_button()"},"keyword":"And "},{"result":{"status":"skipped"},"line":9,"name":"user should be successfully completed Employee Functionality","match":{"location":"stepDefination.EmployeeSteps.user_should_be_successfully_completed_employee_functionality()"},"keyword":"Then "},{"result":{"status":"skipped"},"line":10,"name":"user should navigated to the manage Employee page","match":{"location":"stepDefination.EmployeeSteps.user_should_navigated_to_the_manage_employee_page()"},"keyword":"And "}],"tags":[{"name":"@sanity"}]}],"name":"Employee Functionality","description":"","id":"employee-functionality","keyword":"Feature","uri":"file:src/test/java/features/Employee.feature","tags":[]}]